music_names,urls
About Time,https://genius.com/Cosmic-boy-about-time-lyrics
Absolute,https://genius.com/Ab6ix-absolute-lyrics
Addict,https://genius.com/Sik-k-korean-addict-lyrics
After You've Gone,https://genius.com/Mc-the-max-after-youve-gone-lyrics
Again,https://genius.com/Melomance-again-lyrics
Ah Yeah,https://genius.com/Winner-ah-yeah-lyrics
Airplane,https://genius.com/Izone-airplane-lyrics
Airplane,https://genius.com/Junho-from-2pm-airplane-lyrics
Airplane Mode,https://genius.com/Hash-swan-airplane-mode-lyrics
Alcoholic,https://genius.com/Yunb-alcoholic-lyrics
Alien,https://genius.com/Pentagon-korea-alien-lyrics
All Day (Korean Version),https://genius.com/Lee-minhyuk-all-day-korean-ver-lyrics
All I Do,https://genius.com/Verivery-all-i-do-lyrics
Alligator,https://genius.com/Monsta-x-alligator-lyrics
All Night,https://genius.com/Astro-k-pop-all-night-lyrics
Allure,https://genius.com/Hyomin-allure-lyrics
Allure (Jazz Ver.),https://genius.com/Hyomin-allure-jazz-ver-lyrics
Almost Blue,https://genius.com/Mc-the-max-almost-blue-lyrics
Alright,https://genius.com/Ph-1-alright-lyrics
Alright!,https://genius.com/Verivery-alright-lyrics
Alone,https://genius.com/Gummy-alone-lyrics
Always Be With You,https://genius.com/Baek-a-yeon-always-be-with-you-lyrics
Always Be Your Girl,https://genius.com/Sis-korea-always-be-your-girl-lyrics
Always Difficult Always Beautiful,https://genius.com/Wooseok-x-kuanlin-always-difficult-always-beautiful-lyrics
And There Was No One Left,https://genius.com/Dreamcatcher-and-there-was-no-one-left-lyrics
Angel,https://genius.com/Chancellor-korean-angel-lyrics
A Nuptial Song,https://genius.com/Hong-dae-kwang-a-nuptial-song-lyrics
A Rounded Stone,https://genius.com/Yoon-jong-shin-a-rounded-stone-lyrics
Arrow,https://genius.com/Hash-swan-arrow-lyrics
Artistic Groove,https://genius.com/Taemin-artistic-groove-lyrics
A Sad Night Track,https://genius.com/Code-kunst-a-sad-night-track-lyrics
A Starry Sky,https://genius.com/Gfriend-a-starry-sky-lyrics
Ausgang (ㅌxit),https://genius.com/Junoflo-ausgang-xit-lyrics
Awake,https://genius.com/Jbj95-awake-lyrics
A Walk to Goodbye,https://genius.com/Hwang-chi-yeul-a-walk-to-goodbye-part1-lyrics
Bad Bye,https://genius.com/Mamamoo-bad-bye-lyrics
Bad Habits,https://genius.com/Shaun-bad-habits-lyrics
Banana Chacha,https://genius.com/Momoland-banana-chacha-lyrics
Bass,https://genius.com/Nuest-bass-lyrics
Bbang,https://genius.com/Hby-bbang-lyrics
Be Ambitious!,https://genius.com/Bvndit-be-ambitious-lyrics
Beach,https://genius.com/Grizzly-korea-beach-lyrics
Beautiful Days,https://genius.com/Lovelyz-beautiful-days-lyrics
Beautiful Goodbye,https://genius.com/Chen-exo-beautiful-goodbye-lyrics
Bebe,https://genius.com/Kim-donghan-bebe-lyrics
Because I Love You,https://genius.com/Kang-min-kyung-because-i-love-you-lyrics
Begin Again,https://genius.com/Kim-jaehwan-begin-again-lyrics
Be Good,https://genius.com/Geegooin-be-good-lyrics
Bellboy,https://genius.com/Gxxd-girlnexxtdoor-bellboy-lyrics
Best Part,https://genius.com/Kidd-king-best-part-lyrics
Bet Bet,https://genius.com/Nuest-bet-bet-lyrics
Better Do Better,https://genius.com/Vanner-korea-better-do-better-lyrics
Be With Me,https://genius.com/Jeong-eun-ji-and-10cm-be-with-me-lyrics
Bienvenido (Welcome Back),https://genius.com/Dreamnote-bienvenido-welcome-back-lyrics
Bird,https://genius.com/Ha-sung-woon-bird-lyrics
biRTHday,https://genius.com/Taehyun-hotshot-birthday-lyrics
Blood and Thirst (King of Hurts),https://genius.com/The-black-skirts-blood-and-thirst-king-of-hurts-lyrics
Bloom,https://genius.com/Astro-k-pop-bloom-lyrics
Bloom Bloom,https://genius.com/The-boyz-korea-bloom-bloom-lyrics
Bloom (True Light),https://genius.com/Gwsn-bloom-true-light-lyrics
Blossom,https://genius.com/Bigone-korea-blossom-lyrics
Blossom,https://genius.com/Ravi-and-eunha-blossom-lyrics
Blow Me,https://genius.com/Kim-jaehwan-blow-me-lyrics
Blow Your Mind,https://genius.com/G-i-dle-blow-your-mind-lyrics
Blue,https://genius.com/Taeyeon-blue-lyrics
Blue Orangeade,https://genius.com/Txt-blue-orangeade-lyrics
Blurred,https://genius.com/Baek-ji-woong-blurred-lyrics
Boat Ride,https://genius.com/Ph-1-boat-ride-lyrics
Bollywood,https://genius.com/The-black-skirts-bollywood-lyrics
Bom,https://genius.com/Bol4-bom-lyrics
Bomb Bomb,https://genius.com/Kard-bomb-bomb-lyrics
Bon Bon Chocolat,https://genius.com/Everglow-korea-bon-bon-chocolat-lyrics
Boom,https://genius.com/Winner-boom-lyrics
Born Again,https://genius.com/Tiffany-young-born-again-lyrics
'Bout You,https://genius.com/1team-bout-you-lyrics
Boxer,https://genius.com/Stray-kids-boxer-lyrics
Boy With A Star,https://genius.com/Hyuk-vixx-boy-with-a-star-lyrics
Boy With Luv,https://genius.com/Bts-boy-with-luv-lyrics
Brainwashed,https://genius.com/Cosmic-boy-brainwashed-lyrics
Breakdown,https://genius.com/Clc-breakdown-lyrics
Breathe,https://genius.com/Ab6ix-breathe-lyrics
Bridge,https://genius.com/Nichkhun-of-2pm-bridge-lyrics
"But, I Am Your Buddy",https://genius.com/Heize-but-i-am-your-buddy-lyrics
Butterfly,https://genius.com/Loo-butterfly-lyrics
Butterfly,https://genius.com/The-boyz-korea-butterfly-lyrics
BYE BYE,https://genius.com/Luna-of-fx-bye-bye-lyrics
Cabin Crew,https://genius.com/Bigone-korea-cabin-crew-lyrics
Calling U,https://genius.com/Hong-dae-kwang-calling-u-lyrics
Can I Love ?,https://genius.com/Cosmic-boy-can-i-love-lyrics
Cantabile,https://genius.com/Wjsn-cantabile-lyrics
Can You Trust Me,https://genius.com/Got7-can-you-trust-me-lyrics
Carpet,https://genius.com/Yesung-x-bumkey-carpet-lyrics
Case No.L5VE,https://genius.com/Oh-my-girl-case-nol5ve-lyrics
Cat & Dog,https://genius.com/Txt-cat-and-dog-lyrics
Challan,https://genius.com/Bewhy-challan-lyrics
Checkmate,https://genius.com/Oh-my-girl-checkmate-lyrics
Cheer Man,https://genius.com/Suv-shindong-and-uv-cheer-man-lyrics
Childish,https://genius.com/Lambc-childish-lyrics
Chilli,https://genius.com/Seventeen-chilli-lyrics
Chronosaurus,https://genius.com/Stray-kids-chronosaurus-lyrics
"Circular, OP.1 (Crevasse)",https://genius.com/Mc-the-max-circular-op1-crevasse-lyrics
"Circular, OP.2 (Restored)",https://genius.com/Mc-the-max-circular-op-2-restored-lyrics
Cliché,https://genius.com/Junoflo-cliche-lyrics
Close To Night,https://genius.com/Sonnet-son-close-to-night-lyrics
Close To You,https://genius.com/Lovelyz-close-to-you-lyrics
Clover,https://genius.com/The-boyz-korea-clover-lyrics
Clover,https://genius.com/Yoon-ji-sung-clover-lyrics
Coat,https://genius.com/Babylon-coat-lyrics
Codex Gigas,https://genius.com/Bang-yong-guk-codex-gigas-lyrics
Colors,https://genius.com/Loo-colors-lyrics
Cold,https://genius.com/Han-yo-han-cold-lyrics
Cold,https://genius.com/Key-shinee-cold-lyrics
Colorful X'mas,https://genius.com/Nichkhun-of-2pm-colorful-xmas-lyrics
Come In,https://genius.com/Gxxd-girlnexxtdoor-come-in-lyrics
Cong Cong (Uhh Ohh),https://genius.com/Dreamnote-cong-cong-uhh-ohh-lyrics
Countdown,https://genius.com/1team-countdown-lyrics
Crazy & Crazy,https://genius.com/Oneus-crazy-and-crazy-lyrics
Crime Scene,https://genius.com/Oh-my-girl-crime-scene-lyrics
Crown,https://genius.com/Txt-crown-lyrics
Curiosity,https://genius.com/Loo-curiosity-lyrics
Curtain Call,https://genius.com/Son-dong-woon-curtain-call-lyrics
Curtain Call (Outro),https://genius.com/Junoflo-curtain-call-outro-lyrics
DALLA DALLA,https://genius.com/Itzy-dalla-dalla-lyrics
Dance,https://genius.com/Han-yo-han-dance-lyrics
Dance For Two,https://genius.com/Ab6ix-dance-for-two-lyrics
Danger,https://genius.com/Super-junior-d-e-danger-lyrics
Dante,https://genius.com/Hash-swan-dante-lyrics
Day By Day,https://genius.com/Knk-day-by-day-lyrics
Daydream,https://genius.com/Dreamcatcher-daydream-lyrics
Ddu-du-Ddu-du (Remix),https://genius.com/Blackpink-ddu-du-ddu-du-remix-lyrics
Dear Diary,https://genius.com/Yeri-red-velvet-dear-diary-lyrics
Dear My Blue,https://genius.com/Baek-yerin-dear-my-blue-lyrics
Decrescendo,https://genius.com/Son-dong-woon-decrescendo-lyrics
Deep,https://genius.com/Trei-deep-annotated
Deep,https://genius.com/U-sung-eun-deep-lyrics
Desert Island,https://genius.com/Cosmic-boy-desert-island-lyrics
Designer,https://genius.com/Kim-jaehwan-designer-lyrics
Desire,https://genius.com/Ateez-desire-lyrics
Diamond,https://genius.com/Dreamcatcher-diamond-lyrics
Diary,https://genius.com/Bang-yong-guk-diary-lyrics
Different,https://genius.com/Nuest-different-lyrics
Dionysus,https://genius.com/Bts-dionysus-lyrics
Dirty Nikes,https://genius.com/Ph-1-dirty-nikes-lyrics
Dispatch,https://genius.com/Heize-dispatch-lyrics
Do It Like Me,https://genius.com/Ace-kpop-do-it-like-me-lyrics
Domino,https://genius.com/Wooseok-x-kuanlin-domino-lyrics
Domino,https://genius.com/1the9-domino-lyrics
Don't Forget Me,https://genius.com/Ha-sung-woon-dont-forget-me-lyrics
Don't Forget Me,https://genius.com/Yoonmirae-dont-forget-me-lyrics
Don't Hang Up,https://genius.com/Suran-dont-hang-up-lyrics
Don't Know What To Do,https://genius.com/Blackpink-dont-know-what-to-do-lyrics
Don't Say Goodbye,https://genius.com/Rocoberry-x-doyoung-dont-say-goodbye-lyrics
Doobling,https://genius.com/Heize-doobling-lyrics
Do You Love Me?,https://genius.com/Luna-of-fx-do-you-love-me-lyrics
Dramatic,https://genius.com/Bvndit-dramatic-lyrics
Dreamer,https://genius.com/Super-junior-d-e-dreamer-lyrics
Drunk In The Morning,https://genius.com/Ryeowook-drunk-in-the-morning-lyrics
Drunk On You,https://genius.com/Jus2-drunk-on-you-lyrics
DSMN,https://genius.com/Junho-from-2pm-dsmn-lyrics
D+1,https://genius.com/Everglow-korea-d-1-lyrics
Easy,https://genius.com/Block-b-bastarz-easy-lyrics
Eclipse,https://genius.com/Got7-eclipse-lyrics
Eh-O!,https://genius.com/Mc-the-max-eh-o-lyrics
Empty,https://genius.com/Jung-daehyun-empty-lyrics
Endearing,https://genius.com/Nichkhun-of-2pm-endearing-lyrics
End of 20's,https://genius.com/Kang-min-kyung-end-of-20s-lyrics
Enough,https://genius.com/Apink-enough-lyrics
Enough,https://genius.com/Mc-the-max-enough-lyrics
Enough,https://genius.com/Sf9-enough-lyrics
Entrance,https://genius.com/Stray-kids-entrance-lyrics
E.T,https://genius.com/Heize-et-lyrics
Even So,https://genius.com/Luna-of-fx-even-so-lyrics
Everyday (Remix),https://genius.com/Winner-everyday-remix-lyrics
Everybody Ready?,https://genius.com/Apink-everybody-ready-lyrics
Eye Contact,https://genius.com/Oneus-eye-contact-lyrics
Eye to Eye,https://genius.com/God-korea-eye-to-eye-lyrics
Faded,https://genius.com/Jackson-wang-faded-lyrics
Fallin',https://genius.com/Lee-minhyuk-fallin-lyrics
Falling U,https://genius.com/Momoland-falling-u-lyrics
Fall In Love,https://genius.com/Sf9-fall-in-love-lyrics
Fancy,https://genius.com/Favorite-korea-fancy-lyrics
Fancy,https://genius.com/Twice-fancy-lyrics
Fancy,https://genius.com/Junho-from-2pm-fancy-lyrics
Fancy,https://genius.com/Yoo-young-jae-fancy-lyrics
Feedback,https://genius.com/Ladies-code-feedback-lyrics
Feeling,https://genius.com/Jeong-sewoon-feeling-lyrics
Feel Love,https://genius.com/Leo-vixx-feel-love-lyrics
Fighting Villains,https://genius.com/Han-yo-han-fighting-villains-lyrics
F.I.L,https://genius.com/Verivery-fil-lyrics
Find The Way,https://genius.com/Kuhn-wei-bitto-up10tion-find-the-way-lyrics
Fine,https://genius.com/Nuest-fine-lyrics
Finish Line (Remix),https://genius.com/Jay-park-finish-line-remix-lyrics
First Love,https://genius.com/Winner-2019-first-love-lyrics
Flashlight,https://genius.com/Junho-from-2pm-flashlight-lyrics
Flower,https://genius.com/Chen-exo-flower-lyrics
Flower,https://genius.com/Verivery-flower-lyrics
Flowerwork,https://genius.com/Nflying-flowerwork-lyrics
Focus,https://genius.com/Kim-donghan-focus-lyrics
Focus On Me,https://genius.com/Jus2-focus-on-me-lyrics
Follower,https://genius.com/Qwala-follower-lyrics
Fool,https://genius.com/Nct-127-fool-lyrics
Fools Gold,https://genius.com/Junoflo-fools-gold-lyrics
Four Seasons,https://genius.com/Taeyeon-four-seasons-lyrics
Friend Zone,https://genius.com/Ab6ix-friend-zone-lyrics
Friend Zone,https://genius.com/Jbj95-friend-zone-lyrics
From,https://genius.com/Ateez-from-lyrics
From Now,https://genius.com/Verivery-from-now-lyrics
From Seoul,https://genius.com/Block-b-bastarz-from-seoul-lyrics
Gang Gang Schiele (Superorganism Remix),https://genius.com/Hyukoh-gang-gang-schiele-superorganism-remix-lyrics
Get Away,https://genius.com/Seven-oclock-get-away-lyrics
Get Money,https://genius.com/Kidd-king-get-money-lyrics
Get Ready,https://genius.com/Verivery-get-ready-lyrics
Getting Closer,https://genius.com/Seventeen-getting-closer-lyrics
Ghost,https://genius.com/Monsta-x-ghost-lyrics
Girls Like Us,https://genius.com/Twice-girls-like-us-lyrics
Give Me Dat,https://genius.com/Monsta-x-give-me-dat-lyrics
Give Me Your,https://genius.com/G-i-dle-give-me-your-lyrics
Gloomy,https://genius.com/Super-junior-d-e-gloomy-lyrics
GLOW,https://genius.com/Gfriend-glow-lyrics
Go,https://genius.com/Mc-the-max-go-lyrics
God Girl,https://genius.com/The-pink-lady-korea-god-girl-lyrics
gogobebe,https://genius.com/Mamamoo-gogobebe-lyrics
Going Home,https://genius.com/Jeong-sewoon-going-home-lyrics
Gokigen Sayonara (Korean Version),https://genius.com/Izone-neko-ni-naritai-korean-ver-lyrics
Goldfire,https://genius.com/Kidd-king-goldfire-lyrics
Gone With The Wind,https://genius.com/Hwang-chi-yeul-gone-with-the-wind-lyrics
Good Feeling,https://genius.com/Wooseok-x-kuanlin-good-feeling-lyrics
Good Night,https://genius.com/Jeong-sewoon-good-night-lyrics
Good to Me,https://genius.com/Seventeen-good-to-me-lyrics
Goodbye,https://genius.com/Neonpunch-goodbye-lyrics
Goodbye,https://genius.com/Park-hyo-shin-goodbye-lyrics
Gotta Go,https://genius.com/Chungha-12-gotta-go-lyrics
Gravity,https://genius.com/Oh-my-girl-gravity-lyrics
Gravity,https://genius.com/Trei-gravity-annotated
Great,https://genius.com/Hwang-chi-yeul-great-lyrics
Growing ~ for Groo,https://genius.com/Gwsn-growing-for-groo-lyrics
Gun,https://genius.com/Jang-dong-woo-gun-lyrics
Hakuna Matata,https://genius.com/Dreamnote-hakuna-matata-lyrics
"HALA HALA (Hearts Awakened, Live Alive)",https://genius.com/Ateez-hala-hala-hearts-awakened-live-alive-lyrics
Happy Dreams,https://genius.com/Jung-daehyun-happy-dreams-lyrics
Hard To Say Goodbye,https://genius.com/Bae-jin-young-hard-to-say-goodbye-lyrics
Hawaiian Black Sand,https://genius.com/The-black-skirts-hawaiian-black-sand-lyrics
Heartbeat,https://genius.com/Sf9-heartbeat-lyrics
Heart Brew Love,https://genius.com/Astro-k-pop-heart-brew-love-lyrics
Heartless Word,https://genius.com/Hwang-chi-yeul-heartless-word-lyrics
Help Me,https://genius.com/Block-b-bastarz-help-me-lyrics
Help Me,https://genius.com/G-i-dle-help-me-lyrics
Her Fine Weather,https://genius.com/Heize-her-fine-weather-lyrics
Hero,https://genius.com/Oneus-hero-lyrics
Hey. Bae. Like It.,https://genius.com/Izone-hey-bae-like-it-lyrics
Hide And Seek,https://genius.com/Suran-hide-and-seek-full-length-lyrics
Hide And Seek,https://genius.com/Suran-hide-and-seek-lyrics
High Beam,https://genius.com/Hash-swan-high-beam-lyrics
Highlight,https://genius.com/Izone-highlight-lyrics
Highway To Heaven,https://genius.com/Nct-127-highway-to-heaven-lyrics
Hikiko Mori,https://genius.com/Bang-yong-guk-hikiko-mori-lyrics
Hitch Hiding,https://genius.com/Heize-hitch-hiding-lyrics
Hocus Pocus,https://genius.com/Bvndit-hocus-pocus-lyrics
Holiday,https://genius.com/Bang-yong-guk-holiday-lyrics
Holiday,https://genius.com/Momoland-holiday-lyrics
Holiday,https://genius.com/The-black-skirts-holiday-lyrics
Hollywood,https://genius.com/Ab6ix-hollywood-lyrics
Home,https://genius.com/Bts-home-lyrics
Home,https://genius.com/Nichkhun-of-2pm-home-lyrics
Home,https://genius.com/Seventeen-home-lyrics
Hoodie,https://genius.com/Ravi-vixx-hoodie-lyrics
Hope Not,https://genius.com/Blackpink-hope-not-lyrics
Hot,https://genius.com/Twice-hot-lyrics
Hot & Cold,https://genius.com/Bang-yong-guk-hot-and-cold-lyrics
However,https://genius.com/10cm-however-lyrics
How You Doin',https://genius.com/Exid-how-you-doin-lyrics
Howl Howl,https://genius.com/Kim-bohyung-howl-howl-lyrics
Hug,https://genius.com/Hwang-chi-yeul-hug-lyrics
Hug,https://genius.com/Seventeen-hug-lyrics
Hug Me,https://genius.com/Apink-hug-me-lyrics
Hush,https://genius.com/Favorite-korea-hush-lyrics
HUTAZONE,https://genius.com/Lee-minhyuk-hutazone-lyrics
HYFR,https://genius.com/Ph-1-hyfr-lyrics
Hypey,https://genius.com/Wooseok-x-kuanlin-hypey-lyrics
I Am,https://genius.com/Jang-dong-woo-i-am-lyrics
Icarus,https://genius.com/Junoflo-icarus-lyrics
Idea,https://genius.com/Kim-donghan-idea-lyrics
I Don't Know,https://genius.com/Baek-yerin-i-dont-know-lyrics
I Don't Know (2019 Version),https://genius.com/Baek-yerin-i-dont-know-2019-ver-lyrics
I Hate Holidays,https://genius.com/Samuel-seo-i-hate-holidays-lyrics
I Know,https://genius.com/God-korea-i-know-lyrics
I Lost Me,https://genius.com/Hwang-chi-yeul-i-lost-me-lyrics
I Loved You,https://genius.com/Hwang-chi-yeul-i-loved-you-lyrics
I need a rest area,https://genius.com/Seizetheday-i-need-a-rest-area-lyrics
I Need To Talk,https://genius.com/Bang-yong-guk-i-need-to-talk-lyrics
I Need U,https://genius.com/Clc-i-need-u-lyrics
I Wanna Be,https://genius.com/Key-shinee-i-wanna-be-lyrics
I Wanna Know,https://genius.com/Taehyun-hotshot-i-wanna-know-lyrics
I Want To Rest (Acoustic Version),https://genius.com/Vibe-i-want-to-rest-acoustic-version-lyrics
If I Could Be By Your Side,https://genius.com/Sung-si-kyung-if-i-could-be-by-your-side-lyrics
If Not Me Who,https://genius.com/Block-b-bastarz-if-not-me-who-lyrics
If You (Korean Version),https://genius.com/Super-junior-d-e-if-you-korean-ver-lyrics
If You Heard,https://genius.com/Ace-kpop-if-you-heard-lyrics
If You're With Me,https://genius.com/Yoon-hyun-sang-if-youre-with-me-lyrics
I'll Be There,https://genius.com/Chen-exo-ill-be-there-lyrics
I'll Be There,https://genius.com/Yoon-ji-sung-ill-be-there-lyrics
I'm A Star,https://genius.com/Wooseok-x-kuanlin-im-a-star-lyrics
I'm Here,https://genius.com/Yang-dail-im-here-lyrics
I'm Home,https://genius.com/Minho-shinee-im-home-lyrics
I'm Not Over You,https://genius.com/Ryeowook-im-not-over-you-lyrics
I'm OK,https://genius.com/Ikon-im-ok-lyrics
I'm So Hot,https://genius.com/Momoland-im-so-hot-lyrics
I'm Sorry,https://genius.com/Hong-dae-kwang-im-sorry-lyrics
I'm Sorry,https://genius.com/Vav-im-sorry-lyrics
I'm Sorry,https://genius.com/100-korea-im-sorry-lyrics
Imgonnaparty,https://genius.com/Bigone-korea-imgonnaparty-lyrics
Indigestion,https://genius.com/Cosmic-boy-indigestion-lyrics
InSomnia,https://genius.com/Dreamcatcher-insomnia-lyrics
Interlude,https://genius.com/Geegooin-interlude-lyrics
Intermission,https://genius.com/Son-dong-woon-intermission-lyrics
In The End,https://genius.com/Junho-from-2pm-in-the-end-lyrics
In The Rain,https://genius.com/Yoon-ji-sung-in-the-rain-lyrics
In The Silence,https://genius.com/Son-dong-woon-in-the-silence-lyrics
Intro: Light Us,https://genius.com/Oneus-intro-light-us-lyrics
Intro: Persona,https://genius.com/Bts-persona-lyrics
Intro: We Are Here,https://genius.com/Monsta-x-intro-we-are-here-lyrics
Is It Love?,https://genius.com/Soyeon-laboum-and-dindin-is-it-love-lyrics
Island (Queen of Diamonds),https://genius.com/The-black-skirts-island-queen-of-diamonds-lyrics
It's Gonna Be Alright,https://genius.com/Black-nine-its-gonna-be-alright-lyrics
It's On Me,https://genius.com/Olltii-its-on-me-lyrics
It's You,https://genius.com/Gfriend-its-you-lyrics
Jamias Vu,https://genius.com/Bts-jamais-vu-lyrics
Jealous,https://genius.com/Nichkhun-of-2pm-jealous-lyrics
Jet Lag,https://genius.com/Nct-127-jet-lag-lyrics
Jijongpal,https://genius.com/Geegooin-jijongpal-lyrics
Journey,https://genius.com/Bang-yong-guk-journey-lyrics
Jumping,https://genius.com/Suran-jumping-lyrics
Jungle,https://genius.com/Super-junior-d-e-jungle-lyrics
Just Friends,https://genius.com/Gxxd-girlnexxtdoor-just-friends-lyrics
Justice,https://genius.com/Klang-justice-lyrics
Katchup,https://genius.com/Dalsoobin-ketchup-lyrics
Kick It,https://genius.com/Blackpink-kick-it-lyrics
Kill This Love,https://genius.com/Blackpink-kill-this-love-lyrics
Kuse,https://genius.com/Geegooin-kuse-lyrics
Lady,https://genius.com/Trei-lady-annotated
Lady (Urban Mix),https://genius.com/Exid-lady-urban-mix-lyrics
La La Love,https://genius.com/Wjsn-la-la-love-lyrics
L.A.Y.E.R.E.D,https://genius.com/Ravi-vixx-layered-lyrics
Leave Him,https://genius.com/God-korea-leave-him-lyrics
Leave It,https://genius.com/Nflying-leave-it-lyrics
Leave It To Me,https://genius.com/Jbj95-leave-it-to-me-lyrics
Leggo,https://genius.com/Wannab-leggo-lyrics
Lester Burnham,https://genius.com/The-black-skirts-lester-burnham-lyrics
Let's Ride,https://genius.com/U-kwon-block-b-lets-ride-lyrics
Life Is So Beautiful,https://genius.com/Sf9-life-is-so-beautiful-lyrics
Light,https://genius.com/Ateez-light-lyrics
Light Me Up,https://genius.com/Ab6ix-light-me-up-lyrics
Light Up,https://genius.com/Verivery-light-up-lyrics
Lights Out,https://genius.com/Ph-1-lights-out-lyrics
Like It,https://genius.com/Clc-like-it-lyrics
Like It,https://genius.com/Neonpunch-like-it-lyrics
Like Me,https://genius.com/Ph-1-like-me-lyrics
Live,https://genius.com/Ravi-vixx-live-lyrics
Loca,https://genius.com/Favorite-korea-loca-lyrics
Lonely Night,https://genius.com/Ha-sung-woon-lonely-night-lyrics
Lonely Night,https://genius.com/Knk-lonely-night-lyrics
Long Black,https://genius.com/Jus2-long-black-lyrics
Lookin' 4 Love,https://genius.com/Jbj95-lookin-4-love-lyrics
Lost Paradise (Hip-Hop Unit),https://genius.com/Pentagon-korea-lost-paradise-hip-hop-unit-lyrics
Love,https://genius.com/Cosmic-boy-love-lyrics
L.O.V.E,https://genius.com/Park-ji-hoon-love-lyrics
Love Game,https://genius.com/Lovelyz-love-game-lyrics
Love Is...,https://genius.com/Hong-jin-young-love-is-lyrics
Love Line,https://genius.com/Verivery-love-line-lyrics
Love Oh Love,https://genius.com/Gfriend-love-oh-love-lyrics
Love Rock,https://genius.com/Taehyun-hotshot-love-rock-lyrics
Love Talk,https://genius.com/Jus2-love-talk-lyrics
Love Tonight,https://genius.com/Hong-jin-young-love-tonight-lyrics
Love Wheel,https://genius.com/Astro-k-pop-love-wheel-lyrics
Love Words,https://genius.com/Chen-exo-love-words-lyrics
LTNS,https://genius.com/Olltii-ltns-lyrics
Lucky Charm,https://genius.com/Nichkhun-of-2pm-lucky-charm-lyrics
L.U.V,https://genius.com/Gfriend-luv-lyrics
Lying,https://genius.com/Khyo-lying-lyrics
Mad Dog Diary,https://genius.com/The-black-skirts-mad-dog-diary-lyrics
Magic Dream,https://genius.com/April-magic-dream-lyrics
Make It Right,https://genius.com/Bts-make-it-right-lyrics
Make Me So Crazy,https://genius.com/Kim-donghan-make-me-so-crazy-lyrics
Making Film,https://genius.com/Ph-1-making-film-lyrics
Malibu,https://genius.com/Ph-1-malibu-lyrics
Mars,https://genius.com/Nichkhun-of-2pm-mars-lyrics
Maybe It's Not Our Fault,https://genius.com/Baek-yerin-maybe-its-not-our-fault-lyrics
Maze of Memories,https://genius.com/Stray-kids-maze-of-memories-lyrics
Me,https://genius.com/Chanyeol-x-sehun-me-lyrics
Me (美),https://genius.com/Clc-me-lyrics
Melodrama,https://genius.com/Kim-jaehwan-melodrama-lyrics
Memoria (Korean Version),https://genius.com/Gfriend-memoria-korean-version-lyrics
Memories,https://genius.com/Apink-memories-lyrics
Memories,https://genius.com/Wjsn-memories-lyrics
Mermaid,https://genius.com/Bol4-mermaid-lyrics
Merry and the Witch's Flower,https://genius.com/Baek-yerin-merry-and-the-witchs-flower-lyrics
Merry-Go-Round,https://genius.com/Astro-k-pop-merry-go-round-lyrics
Me&You,https://genius.com/Exid-me-you-lyrics
Midnight,https://genius.com/Exid-midnight-lyrics
Mikrokosmos,https://genius.com/Bts-mikrokosmos-lyrics
Milky Way,https://genius.com/Jbj95-milky-way-lyrics
Miroh,https://genius.com/Stray-kids-miroh-lyrics
Mirror Mirror,https://genius.com/Giantpink-mirror-mirror-lyrics
Miss Ping Pong,https://genius.com/Gwsn-miss-ping-pong-lyrics
Mola,https://genius.com/Winner-mola-lyrics
Monday Blues,https://genius.com/Junoflo-monday-blues-lyrics
Money,https://genius.com/Olltii-money-lyrics
Monologue,https://genius.com/Taemin-monologue-lyrics
Moon,https://genius.com/Everglow-korea-moon-lyrics
Moonlight,https://genius.com/Suran-moonlight-lyrics
Moonwalk,https://genius.com/Astro-k-pop-moonwalk-lyrics
Mr. Bass,https://genius.com/Ace-kpop-mr-bass-lyrics
Mudslinging,https://genius.com/Geegooin-mudslinging-lyrics
My Error,https://genius.com/Bvndit-my-error-lyrics
My Friends,https://genius.com/Neonpunch-my-friends-lyrics
My Hobby Is You,https://genius.com/Dreamnote-my-hobby-is-you-lyrics
My Shadow,https://genius.com/The-black-skirts-my-shadow-lyrics
My Star,https://genius.com/Kim-jaehwan-my-star-lyrics
My Star,https://genius.com/Mamamoo-my-star-lyrics
My Youth,https://genius.com/Kang-min-kyung-my-youth-lyrics
Nap of the Star,https://genius.com/Txt-nap-of-the-star-lyrics
Nar_C,https://genius.com/Holland-nar-c-lyrics
Natasha,https://genius.com/Son-dong-woon-natasha-lyrics
Nekoni Naritai (Korean Version),https://genius.com/Izone-neko-ni-naritai-korean-ver-lyrics
Never Forever,https://genius.com/Taemin-never-forever-lyrics
Never Sign,https://genius.com/Kidd-king-never-sign-lyrics
New Kicks,https://genius.com/Olltii-new-kicks-lyrics
News,https://genius.com/Jang-dong-woo-news-lyrics
Next To You,https://genius.com/Junho-from-2pm-next-to-you-lyrics
Nice Girl,https://genius.com/Hwang-chi-yeul-nice-girl-lyrics
No,https://genius.com/Clc-no-lyrics
No Filter,https://genius.com/George-and-coogie-no-filter-lyrics
Noir,https://genius.com/Sunmi-noir-lyrics
No More Drama,https://genius.com/Geegooin-no-more-drama-lyrics
No New Friends,https://genius.com/Olltii-no-new-friends-lyrics
No Reason,https://genius.com/Heize-no-reason-lyrics
No Reason,https://genius.com/Monsta-x-no-reason-lyrics
Not Knowing,https://genius.com/God-korea-not-knowing-lyrics
Oasis,https://genius.com/Han-yo-han-oasis-lyrics
Off Road,https://genius.com/Jk-kim-dong-uk-off-road-lyrics
Olaf,https://genius.com/Ph-1-olaf-lyrics
Old Movie,https://genius.com/Kim-hee-chul-old-movie-lyrics
OJB,https://genius.com/Suran-ojb-lyrics
On Your Mind,https://genius.com/Junho-from-2pm-on-your-mind-lyrics
One & Only,https://genius.com/Gwsn-one-and-only-lyrics
One And Only,https://genius.com/Ryeowook-one-and-only-lyrics
One Day Only,https://genius.com/Mc-the-max-one-day-only-lyrics
One Love,https://genius.com/100-korea-one-love-lyrics
One Step Closer,https://genius.com/Bigone-korea-one-step-closer-lyrics
Only 1,https://genius.com/Gfriend-only-1-lyrics
Only U,https://genius.com/Imfact-only-u-lyrics
Our Love Is Great,https://genius.com/Baek-yerin-our-love-is-great-lyrics
Our Secret,https://genius.com/Gfriend-our-secret-lyrics
Our Summer,https://genius.com/Txt-one-summer-lyrics
Outro: We Are 127,https://genius.com/Nct-127-outro-we-are-127-lyrics
Over The Sky,https://genius.com/Dreamcatcher-over-the-sky-lyrics
Page,https://genius.com/Got7-page-lyrics
Pain In The Rain,https://genius.com/Mont-korea-pain-in-the-rain-lyrics
Palm Trees,https://genius.com/Junoflo-palm-trees-lyrics
Paper Plane,https://genius.com/Nct-127-paper-plane-lyrics
Paradise,https://genius.com/Trcng-paradise-lyrics
Party Girl,https://genius.com/Jang-dong-woo-party-girl-lyrics
Party Time,https://genius.com/Monsta-x-party-time-lyrics
Past Tense,https://genius.com/Mc-the-max-past-tense-lyrics
People,https://genius.com/Brave-hongcha-people-lyrics
Perfect,https://genius.com/Jang-dong-woo-perfect-lyrics
Perhaps Love,https://genius.com/Eddy-kim-perhaps-love-lyrics
Petal Fortune,https://genius.com/Weki-meki-petal-fortune-lyrics
Picky Picky,https://genius.com/Weki-meki-picky-picky-lyrics
Picnic,https://genius.com/Bol4-picnic-lyrics
Picnic,https://genius.com/Hareem-picnic-lyrics
Piggy-Bank,https://genius.com/Olltii-piggy-bank-lyrics
Pinky Star (Run),https://genius.com/Gwsn-pinky-star-run-lyrics
PIRI,https://genius.com/Dreamcatcher-piri-lyrics
Playground,https://genius.com/Seizetheday-playground-lyrics
Play Hard,https://genius.com/Sf9-play-hard-lyrics
Play It Cool,https://genius.com/Monsta-x-play-it-cool-lyrics
Play It Cool (English Version),https://genius.com/Steve-aoki-and-monsta-x-play-it-cool-lyrics
Portrait of You,https://genius.com/Chen-exo-portrait-of-you-lyrics
Portrait (Re-Mastered),https://genius.com/Bang-yong-guk-portrait-re-mastered-lyrics
Promise,https://genius.com/Ateez-promise-lyrics
Purple,https://genius.com/Sohlhee-purple-lyrics
Push Me,https://genius.com/Ph-1-push-me-lyrics
Push & Pull,https://genius.com/Apink-push-and-pull-lyrics
Put It Straight,https://genius.com/G-i-dle-put-it-straight-lyrics
Put Me On Drugs,https://genius.com/The-black-skirts-put-me-on-drugs-lyrics
Q&A,https://genius.com/Cherry-bullet-q-a-lyrics
Rain,https://genius.com/Hong-dae-kwang-rain-lyrics
Rain Drop,https://genius.com/Soyou-and-ovan-rain-drop-lyrics
Rain Man,https://genius.com/Ph-1-rain-man-lyrics
Raining On The Gold,https://genius.com/Olltii-raining-on-the-gold-lyrics
Really Bad Guy,https://genius.com/Seung-hee-and-ye-eun-clc-really-bad-guy-lyrics
Really Like You,https://genius.com/Izone-really-like-you-lyrics
Really Really,https://genius.com/Cherry-bullet-really-really-lyrics
Rebound Girl,https://genius.com/Yunb-rebound-girl-lyrics
Receipt,https://genius.com/Olltii-receipt-lyrics
Recognize,https://genius.com/B-bomb-block-b-recognize-lyrics
Red Thread,https://genius.com/Oneus-red-thread-lyrics
Remember,https://genius.com/Hwang-chi-yeul-remember-lyrics
Remember,https://genius.com/Nine-muses-remember-2019-lyrics
Remember,https://genius.com/Wheesung-remember-lyrics
Remember,https://genius.com/100-korea-remember-lyrics
Remember You,https://genius.com/Ha-sung-woon-remember-you-lyrics
Remember (Remix),https://genius.com/Katie-remember-remix-lyrics
Resembling What I Hate,https://genius.com/Cosmic-boy-resembling-what-i-hate-lyrics
Reset,https://genius.com/Han-yo-han-reset-lyrics
Ride Up,https://genius.com/Junho-from-2pm-ride-up-lyrics
Ring Ring Ring,https://genius.com/Verivery-ring-ring-ring-lyrics
Road,https://genius.com/God-korea-road-lyrics
Rodeo,https://genius.com/Monsta-x-rodeo-lyrics
Role Play,https://genius.com/Astro-k-pop-role-play-lyrics
Romeo,https://genius.com/Jang-dong-woo-romeo-lyrics
Rooftop,https://genius.com/Nflying-rooftop-lyrics
R.ook Book,https://genius.com/Ravi-vixx-rook-book-lyrics
Round 1 (Bonus Track),https://genius.com/Pentagon-korea-round-1-bonus-track-lyrics
Run To You,https://genius.com/Heize-run-to-you-lyrics
Runway,https://genius.com/Ravi-vixx-runway-lyrics
Sangsu Station,https://genius.com/The-black-skirts-sangsu-station-lyrics
Satellite,https://genius.com/Loo-satellite-lyrics
Say My Name,https://genius.com/Ateez-say-my-name-lyrics
Seattle Alone,https://genius.com/Bol4-seattle-alone-lyrics
Secret Love,https://genius.com/Lovelyz-secret-story-lyrics
See-Through,https://genius.com/Ravi-vixx-see-through-lyrics
See You Again,https://genius.com/Baek-yerin-see-you-again-lyrics
See You Later,https://genius.com/Bang-yong-guk-see-you-later-lyrics
Segno,https://genius.com/Nuest-segno-lyrics
Selfish,https://genius.com/Kang-min-kyung-selfish-lyrics
Senorita,https://genius.com/G-i-dle-senorita-lyrics
Senses,https://genius.com/Jus2-senses-lyrics
Shadow,https://genius.com/Taemin-shadow-lyrics
Sha La La,https://genius.com/Pentagon-korea-sha-la-la-lyrics
She Is,https://genius.com/Imfact-she-is-lyrics
Shhh,https://genius.com/Seventeen-shhh-lyrics
Shining Stars,https://genius.com/Ab6ix-shining-stars-lyrics
Show,https://genius.com/Clc-show-lyrics
Show Me,https://genius.com/Key-shinee-show-me-lyrics
Show Up,https://genius.com/Gfriend-show-up-lyrics
Sky Star,https://genius.com/Taehyun-hotshot-sky-star-lyrics
Slow,https://genius.com/Yoon-ji-sung-slow-lyrics
Slow Dance,https://genius.com/Park-yu-chun-slow-dance-lyrics
Smile,https://genius.com/Han-yo-han-smile-lyrics
"So, It Ends",https://genius.com/Heize-so-it-ends-lyrics
So Sorry,https://genius.com/Junho-from-2pm-so-sorry-lyrics
So Yeoun's Parting,https://genius.com/Wable-so-yeouns-parting-lyrics
So You Can Come Back To Me,https://genius.com/God-korea-so-you-can-come-back-to-me-lyrics
Something Between,https://genius.com/Jang-dong-woo-something-between-lyrics
Something Good,https://genius.com/Ryeowook-something-good-lyrics
Song Request,https://genius.com/Lee-so-ra-song-request-lyrics
Sorry,https://genius.com/Btob-sorry-lyrics
Sorry (Acoustic Version),https://genius.com/Mont-korea-sorry-acoustic-version-lyrics
Sorry Not Sorry,https://genius.com/Chen-exo-sorry-not-sorry-lyrics
Spoiler,https://genius.com/Jung-ilhoon-spoiler-lyrics
Spoon,https://genius.com/Esna-spoon-lyrics
Sportage '07,https://genius.com/Junoflo-sportage-07-lyrics
Spotlight,https://genius.com/1the9-spotlight-lyrics
Spring,https://genius.com/Park-bom-spring-lyrics
Spring Again,https://genius.com/Golden-child-spring-again-lyrics
Spring Comes,https://genius.com/Kim-min-seok-spring-comes-lyrics
Spring Memories,https://genius.com/Nflying-spring-memories-lyrics
Spring Snow,https://genius.com/Pentagon-korea-spring-snow-lyrics
SSFW,https://genius.com/Chanyeol-exo-ssfw-lyrics
SSFWL,https://genius.com/Oh-my-girl-ssfwl-lyrics
Stabbing,https://genius.com/Han-yo-han-stabbing-lyrics
Star,https://genius.com/Wjsn-star-1-lyrics
Starboy,https://genius.com/Kidd-king-starboy-lyrics
Starry Sky,https://genius.com/Astro-k-pop-starry-sky-lyrics
Stars Over Me,https://genius.com/Bol4-stars-over-me-lyrics
Statues,https://genius.com/Junoflo-statues-lyrics
Stay,https://genius.com/Hyolyn-stay-lyrics
Stealer,https://genius.com/Monsta-x-stealer-lyrics
Stephen Chow,https://genius.com/Geegooin-stephen-chow-lyrics
Still Loving You,https://genius.com/100-korea-still-loving-you-lyrics
Storage (With Galaxy Fan),https://genius.com/10cm-storage-with-galaxy-fan-lyrics
Stranger,https://genius.com/Apink-bnn-stranger-lyrics
Strawberry,https://genius.com/Twice-strawberry-lyrics
Stuck In My Head,https://genius.com/Twice-stuck-in-my-head-lyrics
Sudoku,https://genius.com/Hash-swan-sudoku-lyrics
Sugar,https://genius.com/Ryeowook-sugar-lyrics
Sunrise,https://genius.com/Gfriend-sunrise-lyrics
Sunrise (Korean Version),https://genius.com/Super-junior-d-e-sunrise-korean-ver-lyrics
Sunshine,https://genius.com/Bigone-korea-sunshine-lyrics
Super Bad,https://genius.com/Saturday-korea-super-bad-lyrics
Superhuman,https://genius.com/Nct-127-superhuman-lyrics
Super Special (Acoustic Ver.),https://genius.com/Verivery-super-special-acoustic-ver-lyrics
Sweet Luv,https://genius.com/Lovelyz-sweet-luv-lyrics
Talk About Love,https://genius.com/Nuest-talk-about-love-lyrics
Tam Tam,https://genius.com/Hby-tam-tam-lyrics
Terminal,https://genius.com/Shaun-terminal-lyrics
Tell Me,https://genius.com/Kang-min-kyung-tell-me-lyrics
Tell Me I Love You,https://genius.com/Ha-sung-woon-tell-me-i-love-you-lyrics
Tell Me So,https://genius.com/Bigone-korea-tell-me-so-lyrics
"That Day, We.",https://genius.com/Baekho-nuest-that-day-we-lyrics
The 2nd Story,https://genius.com/Ryeowook-the-2nd-story-lyrics
The Beat Goes On,https://genius.com/Sf9-the-beat-goes-on-lyrics
The Beginning of...,https://genius.com/Park-ji-hoon-the-beginning-of-lyrics
The End,https://genius.com/Got7-the-end-lyrics
The Flower Bloom Stands Alone,https://genius.com/Hynn-the-lonely-bloom-stands-alone-lyrics
The Song I Will Song At My Wedding,https://genius.com/Cosmic-boy-the-song-i-will-sing-at-my-wedding-lyrics
The Story,https://genius.com/1the9-the-story-lyrics
The Truth Is,https://genius.com/100-korea-the-truth-is-lyrics
The Vibe,https://genius.com/Exid-the-vibe-lyrics
Thinner Than Water,https://genius.com/The-black-skirts-thinner-than-water-lyrics
Thirty,https://genius.com/Son-dong-woon-thirty-lyrics
Thrilla Killa,https://genius.com/Vav-thrilla-killa-lyrics
Tic Toc,https://genius.com/Neonpunch-tic-toc-lyrics
Tic Toc,https://genius.com/Oh-my-girl-tic-toc-lyrics
Til I Die,https://genius.com/Ph-1-til-i-die-lyrics
Till (Ballad Unit),https://genius.com/Pentagon-korea-till-ballad-unit-lyrics
Time Out,https://genius.com/Got7-time-out-lyrics
Time Will Tell,https://genius.com/Mc-the-max-time-will-tell-lyrics
Time With You,https://genius.com/Kyuhyun-time-with-you-lyrics
TMI,https://genius.com/Gray-korean-tmi-lyrics
To.,https://genius.com/100-korea-to-lyrics
To All The Fake Rapstars,https://genius.com/Han-yo-han-to-all-the-fake-rapstars-lyrics
To All The Fake Rapstars (Remix),https://genius.com/Han-yo-han-to-all-the-fake-rapstars-remix-lyrics
Tok Tok,https://genius.com/Gwsn-tok-tok-lyrics
Tok Tok (The Park In The Night Version),https://genius.com/Gwsn-tok-tok-the-park-night-version-lyrics
Too Much,https://genius.com/Bigone-korea-too-much-lyrics
Touch,https://genius.com/Jus2-touch-lyrics
Touch You,https://genius.com/Vav-touch-you-lyrics
To You,https://genius.com/Hwang-chi-yeul-to-you-lyrics
Traveler,https://genius.com/Shaun-traveler-lyrics
Treasure,https://genius.com/Astro-k-pop-treasure-lyrics
Tree Only Look at You,https://genius.com/Heize-tree-only-look-at-you-lyrics
Tricksta,https://genius.com/Qwala-tricksta-lyrics
True Song,https://genius.com/Kassy-true-song-lyrics
Truly Love,https://genius.com/Gfriend-truly-love-lyrics
Truth,https://genius.com/Taemin-truth-lyrics
Turbulence,https://genius.com/Monsta-x-turbulence-lyrics
Turn It Up,https://genius.com/Twice-turn-it-up-lyrics
Turn The Light,https://genius.com/Trei-turn-the-light-annotated
Tuxedo,https://genius.com/Ravi-vixx-tuxedo-lyrics
Twit,https://genius.com/Hwasa-mamamoo-twit-lyrics
Two of Us,https://genius.com/Favorite-korea-two-of-us-lyrics
U Must Think I'm Lying Butterfly,https://genius.com/Dbo-korea-u-must-think-im-lying-butterfly-lyrics
U Um U Um,https://genius.com/Hyomin-u-um-u-um-lyrics
UJUNG,https://genius.com/Wjsn-ujung-lyrics
Umbrella (Korean Version),https://genius.com/Nichkhun-of-2pm-umbrella-korean-version-lyrics
Umbrella Calls For Rain,https://genius.com/Heize-umbrella-calls-for-rain-lyrics
Under Cover,https://genius.com/Ace-kpop-under-cover-lyrics
Universe,https://genius.com/Hwang-min-hyun-universe-lyrics
Universe (Cosmocorps),https://genius.com/Ravi-vixx-u-niverse-cosmocorps-lyrics
Unspoken Words,https://genius.com/Davichi-unspoken-words-lyrics
Up,https://genius.com/Holland-up-lyrics
Up,https://genius.com/Izone-up-lyrics
Us,https://genius.com/Park-ji-hoon-us-lyrics
Uh Oh,https://genius.com/Gi-dle-uh-oh-lyrics
Valkyrie,https://genius.com/Oneus-valkyrie-lyrics
Vibe,https://genius.com/1team-vibe-lyrics
Victory Song,https://genius.com/Stray-kids-victory-song-lyrics
Violet,https://genius.com/Cherry-bullet-violet-lyrics
Violeta,https://genius.com/Izone-violeta-lyrics
Vogue,https://genius.com/Oh-my-girl-vogue-lyrics
Waggy,https://genius.com/Mamamoo-waggy-lyrics
Waiting For You,https://genius.com/Lee-minhyuk-waiting-for-you-lyrics
Wander Flow,https://genius.com/Suran-wander-and-flow-lyrics
Wandering,https://genius.com/Hong-dae-kwang-wandering-lyrics
Want,https://genius.com/Taemin-want-lyrics
Want (Outro),https://genius.com/Taemin-want-outro-lyrics
Want It?,https://genius.com/Itzy-want-it-lyrics
Watch Out,https://genius.com/Super-junior-d-e-watch-out-lyrics
We Are...,https://genius.com/Exid-we-are-lyrics
What Are You Doing?,https://genius.com/Apink-what-are-you-doing-lyrics
What Do You Think?,https://genius.com/Knk-what-are-you-thinking-lyrics
What If Love,https://genius.com/Wendy-red-velvet-what-if-love-lyrics
What U Want,https://genius.com/Junguk-24k-what-u-want-lyrics
What You Waiting For?,https://genius.com/Rtee-x-anda-what-you-waiting-for-lyrics
What You Want,https://genius.com/Momoland-what-you-want-lyrics
Whatever U Want,https://genius.com/Weki-meki-whatever-u-want-lyrics
What's Your,https://genius.com/Cosmic-boy-whats-your-lyrics
What's Your Name,https://genius.com/G-i-dle-whats-your-name-lyrics
When You Call,https://genius.com/Jung-daehyun-when-you-call-lyrics
Where R U,https://genius.com/Mamamoo-where-r-u-lyrics
Where You Are (Yun Min Soo Solo),https://genius.com/Vibe-where-you-are-yun-min-soo-solo-lyrics
Where You At,https://genius.com/Loo-where-you-at-lyrics
Where You Belong,https://genius.com/God-korea-where-you-belong-lyrics
White,https://genius.com/Jeong-sewoon-white-lyrics
Who Are You?,https://genius.com/Yoon-ji-sung-who-are-you-lyrics
Who I Am,https://genius.com/Jbj95-who-i-am-lyrics
Why,https://genius.com/God-korea-why-lyrics
Why Not Me?,https://genius.com/Yoon-ji-sung-why-not-me-lyrics
WiFi,https://genius.com/Saturday-korea-wifi-lyrics
Will You Be My Girlfriend? (Original Mix),https://genius.com/Mont-korea-will-you-be-my-girlfriend-lyrics
Will You Be My Girlfriend? (Future Bass Remix),https://genius.com/Mont-korea-will-you-be-my-girlfriend-future-bass-remix-lyrics
Windy Hills,https://genius.com/Hong-dae-kwang-windy-hills-lyrics
Winter Sleep,https://genius.com/Junho-from-2pm-winter-sleep-lyrics
Winter Winter,https://genius.com/Nflying-winter-winter-lyrics
With Melody,https://genius.com/Lee-minhyuk-with-melody-lyrics
Without You,https://genius.com/Ryeowook-without-you-lyrics
Woowa,https://genius.com/Dia-do-it-amazing-woowa-lyrics
Would You...,https://genius.com/Park-ji-hoon-would-you-lyrics
Wrong Question,https://genius.com/The-black-skirts-wrong-question-lyrics
xanax,https://genius.com/Sik-k-korean-xanax-lyrics
XI,https://genius.com/Code-kunst-xi-lyrics
Xie Xie,https://genius.com/Bang-yong-guk-xie-xie-lyrics
Xie Xie (Remix),https://genius.com/Bang-yong-guk-xie-xie-remix-lyrics
X X,https://genius.com/Loo-x-x-lyrics
Ya,https://genius.com/Bang-yong-guk-ya-lyrics
YA,https://genius.com/Lee-minhyuk-ya-lyrics
You,https://genius.com/Hyomin-you-lyrics
You,https://genius.com/Xiumin-exo-you-lyrics
You Are Not Alone,https://genius.com/Gfriend-you-are-not-alone-lyrics
You Get,https://genius.com/Wjsn-you-get-lyrics
Youknowbetter,https://genius.com/Hyolyn-youknowbetter-lyrics
You...Like The Wind,https://genius.com/Yoon-ji-sung-you-like-the-wind-lyrics
Your All,https://genius.com/Park-sang-don-your-all-lyrics
Your Night,https://genius.com/Trei-your-night-annotated
You're My,https://genius.com/Jung-daehyun-youre-my-lyrics
Yung Luchini/Bibi Interlude,https://genius.com/Junoflo-yung-luchini-bibi-interlude-lyrics
ZigZag,https://genius.com/Oneus-zigzag-lyrics
Zoo,https://genius.com/Winner-zoo-lyrics
1°,https://genius.com/Got7-1-lyrics
1 in A Million,https://genius.com/Astro-k-pop-1-in-a-million-lyrics
10 Years Without You...,https://genius.com/Kim-yeon-ji-10-10-years-without-you-lyrics
12 0 Clock,https://genius.com/Wjsn-12-0-clock-lyrics
19,https://genius.com/Stray-kids-19-lyrics
2 Like It,https://genius.com/Sunmi-1-like-it-lyrics
20,https://genius.com/God-korea-20-lyrics
25,https://genius.com/Mamamoo-25-lyrics
2cm,https://genius.com/Minseo-2cm-lyrics
4season (Outro),https://genius.com/Mamamoo-4season-outro-lyrics
9966,https://genius.com/Mamamoo-9966-lyrics
%%,https://genius.com/Apink--lyrics
